{"cameraMode":{"drawMode":0,"name":"Shaded","section":"Shading Mode"},"sceneLighting":true,"audioPlay":false,"sceneViewState":{"m_AlwaysRefresh":false,"showFog":true,"showSkybox":true,"showFlares":true,"showImageEffects":true,"showParticleSystems":true,"showVisualEffectGraphs":true,"m_FxEnabled":true},"in2DMode":false,"pivot":{"x":-0.48639583587646487,"y":-3.2149477005004885,"z":11.989276885986329},"rotation":{"x":0.437970370054245,"y":0.20960526168346406,"z":-0.10578709840774536,"w":0.8677887916564941},"size":25.124216079711915,"orthographic":true}